{"train_losses": [0.020464951980354668, 0.016103601545944916, 0.014293519435826503, 0.014415144465527455, 0.01070654397551634, 0.010384694075835714, 0.009643653328497308, 0.00881679585765419, 0.007952188787375735, 0.006809752860113164, 0.007280109216063118, 0.006104790212281243, 0.006686459981223608, 0.005672263247436554, 0.00529018258808663, 0.005578169852800473, 0.00538430191209261, 0.004095817509720062, 0.004464465075652524, 0.0039718995309897176, 0.003421155371948758, 0.004126763043288062, 0.003516990827471726, 0.003788574384813, 0.003104167452940359, 0.002744583882260935, 0.0025332260974229373, 0.0026529474583766345, 0.002630211572127412, 0.002571642594500456, 0.0022934448748225273, 0.002588828896546201, 0.002314663678352365, 0.0019194739115271815, 0.002239894041473006, 0.001446859601048881, 0.0015176653777937141, 0.0017582881370019566, 0.0013200392074453823, 0.0013832238250613355, 0.0017346681577359235, 0.0013350271179634998, 0.0012516926435395333, 0.0012548763083732044, 0.0012279716529385706, 0.0013686183430232338, 0.0011089122545575798, 0.0011896876936818245, 0.0011043138871181782, 0.0012935231285470575, 0.0008905757493461148, 0.0009710698605309332, 0.0008447253418480203, 0.000743330434858445, 0.0008060649164007742, 0.0008612133309271655, 0.000983507393122675, 0.0006188628708970271, 0.0007156143558373113, 0.0008470278638669438], "val_losses": [0.20139137442622865, 0.19401676400697657, 0.20659469819760748, 0.22658058941098197, 0.18888031295500696, 0.19685689221868025, 0.23500223381311766, 0.216087215313954, 0.2199903525678175, 0.21384829276939854, 0.21960944735578128, 0.213810768311045, 0.21385032257031916, 0.20431477463405048, 0.19529486524074205, 0.21626269724220037, 0.2471503846214286, 0.21632657120270388, 0.21509305171535484, 0.2364796652192516, 0.23684392475323485, 0.24338442390684836, 0.2457895761971096, 0.20048229256644845, 0.2552496632062165, 0.26149752865811543, 0.23555687249505095, 0.24118929070287518, 0.24561456432898662, 0.25836289670717505, 0.256855971495887, 0.2515204484308405, 0.19092933501815423, 0.2507069058649774, 0.23629746413124458, 0.2399158090702258, 0.26050138057741734, 0.26235916117106434, 0.23633765132815046, 0.2570146531132715, 0.2689145072280163, 0.24722668443324178, 0.2496512000715094, 0.24925996387277596, 0.263164217384266, 0.2516438424271265, 0.2679731929508437, 0.24663436193285243, 0.25971594678204774, 0.26081477644454154, 0.24468886668910272, 0.25183971774198916, 0.26152311850871357, 0.24983241841463105, 0.2596201283657657, 0.26853045425377786, 0.28822518984088674, 0.2610025805604112, 0.2603953331251562, 0.2713398543169855], "val_accuracies": [0.9274553571428571, 0.9263392857142857, 0.9341517857142857, 0.9285714285714286, 0.9408482142857143, 0.9363839285714286, 0.9341517857142857, 0.9330357142857143, 0.9397321428571429, 0.9319196428571429, 0.9330357142857143, 0.9330357142857143, 0.9363839285714286, 0.9441964285714286, 0.9419642857142857, 0.9319196428571429, 0.9330357142857143, 0.9319196428571429, 0.9352678571428571, 0.9419642857142857, 0.9419642857142857, 0.9319196428571429, 0.9352678571428571, 0.9475446428571429, 0.9341517857142857, 0.9386160714285714, 0.9408482142857143, 0.9352678571428571, 0.9352678571428571, 0.9341517857142857, 0.9363839285714286, 0.9363839285714286, 0.9497767857142857, 0.9375, 0.9375, 0.9397321428571429, 0.9419642857142857, 0.9408482142857143, 0.9464285714285714, 0.9419642857142857, 0.9330357142857143, 0.9453125, 0.9419642857142857, 0.9419642857142857, 0.9430803571428571, 0.9441964285714286, 0.9397321428571429, 0.9464285714285714, 0.9397321428571429, 0.9464285714285714, 0.9441964285714286, 0.9453125, 0.9497767857142857, 0.9497767857142857, 0.9464285714285714, 0.9453125, 0.9408482142857143, 0.9464285714285714, 0.9464285714285714, 0.9397321428571429]}